Topic,Keyword
Технологии,tech
Технологии,iphone
Технологии,apple
Технологии,android
Технологии,google
Технологии,ai
Технологии,software
Технологии,innovation
Технологии,cloud
Технологии,robotics
Технологии,5g
Технологии,machinelearning
Технологии,gadget
Технологии,cybersecurity
Технологии,data
Технологии,iot
Технологии,blockchain
Технологии,virtualreality
Технологии,augmentedreality
Технологии,startup
Политика,election
Политика,government
Политика,vote
Политика,president
Политика,congress
Политика,senate
Политика,democracy
Политика,democrat
Политика,republican
Политика,impeachment
Политика,campaign
Политика,policy
Политика,tax
Политика,bills
Политика,politician
Политика,legislation
Политика,supremecourt
Политика,voterid
Политика,votingrights
Политика,civilrights
Политика,politicalparty
Политика,presidentialdebate
Политика,foreignpolicy
Спорт,football
Спорт,soccer
Спорт,basketball
Спорт,worldcup
Спорт,nba
Спорт,olympics
Спорт,sports
Спорт,athletics
Спорт,team
Спорт,goal
Спорт,championship
Спорт,superbowl
Спорт,mvp
Спорт,tournament
Спорт,fifa
Спорт,euros
Спорт,formula1
Спорт,athlete
Спорт,rugby
Спорт,baseball
Спорт,hockey
Спорт,boxing
Спорт,wrestling
Спорт,tennis
Здоровье,covid
Здоровье,vaccine
Здоровье,health
Здоровье,pandemic
Здоровье,flu
Здоровье,hospital
Здоровье,mentalhealth
Здоровье,wellness
Здоровье,fitness
Здоровье,nutrition
Здоровье,exercise
Здоровье,medication
Здоровье,virus
Здоровье,healthcare
Здоровье,doctor
Здоровье,patient
Здоровье,surgery
Здоровье,prevention
Здоровье,healthyliving
Здоровье,vaccination
Здоровье,covid19
Здоровье,coronavirus
Здоровье,publichealth
Здоровье,disease
Здоровье,cancer
Здоровье,diabetes
Экология,climate
Экология,environment
Экология,earth
Экология,sustainability
Экология,globalwarming
Экология,nature
Экология,pollution
Экология,recycling
Экология,greenenergy
Экология,conservation
Экология,carbonfootprint
Экология,wildlife
Экология,biodiversity
Экология,ecosystem
Экология,cleanenergy
Экология,renewable
Экология,forest
Экология,ocean
Экология,waterconservation
Экология,climatechange
Экология,greenhousegases
Экология,earthday
Экология,environmentalist
Экология,deforestation
Экология,co2
Экология,earthhour
Развлечения,movie
Развлечения,music
Развлечения,hollywood
Развлечения,tv
Развлечения,celebrity
Развлечения,film
Развлечения,oscar
Развлечения,netflix
Развлечения,streaming
Развлечения,concert
Развлечения,actor
Развлечения,actress
Развлечения,popculture
Развлечения,tvshow
Развлечения,cinema
Развлечения,album
Развлечения,radio
Развлечения,videogames
Развлечения,gaming
Развлечения,band
Развлечения,comedy
Развлечения,theater
Развлечения,blockbuster
Развлечения,superhero
Развлечения,awardshow
Развлечения,streamer
Развлечения,podcast
Развлечения,tiktok
Развлечения,celebritynews
Бизнес,economy
Бизнес,finance
Бизнес,stocks
Бизнес,investment
Бизнес,entrepreneur
Бизнес,startup
Бизнес,market
Бизнес,cryptocurrency
Бизнес,bitcoin
Бизнес,business
Бизнес,trade
Бизнес,shares
Бизнес,corporation
Бизнес,company
Бизнес,profit
Бизнес,sales
Бизнес,tax
Бизнес,fintech
Бизнес,investor
Бизнес,banking
Бизнес,ecommerce
Бизнес,funding
Бизнес,venturecapital
Бизнес,merger
Бизнес,acquisition
Бизнес,realestate
Образование,school
Образование,university
Образование,college
Образование,student
Образование,education
Образование,degree
Образование,learning
Образование,teacher
Образование,classroom
Образование,graduation
Образование,scholarship
Образование,onlinelearning
Образование,elearning
Образование,academic
Образование,curriculum
Образование,research
Образование,exams
Образование,course
Образование,study
Образование,homework
Образование,educationpolicy
Образование,teachertraining
Образование,studentloan
Образование,highereducation
Наука,science
Наука,research
Наука,discovery
Наука,physics
Наука,chemistry
Наука,biology
Наука,mathematics
Наука,astronomy
Наука,space
Наука,quantum
Наука,laboratory
Наука,experiment
Наука,genetics
Наука,cloning
Наука,biotechnology
Наука,fossils
Наука,climate
Наука,archaeology
Наука,medicalresearch
Наука,spaceexploration
Наука,scientist
Наука,innovation
Наука,scientificdiscovery
Наука,theory
Наука,robotics
